"","gN2ONha","SP","d18O"
"7.5",7.94328234724282,31.6227766016838,79.4328234724282
"30",6.30957344480193,31.6227766016838,6.30957344480193
"60",3.98107170553497,39.8107170553497,19.9526231496888
"90",3.98107170553497,50.1187233627273,19.9526231496888
"120",3.98107170553497,39.8107170553497,19.9526231496888
