{
  "BD": [1.686],
  "theta_t": [0.3637735849057],
  "temperature": [298],
  "D_fw": [1.776633457789e-09],
  "D_fa": [1.68112380199e-05],
  "H": [1.618608625245],
  "rho": [1260000],
  "N2Oatm": [0.2496],
  "R": [0.082],
  "depths": [7.5, 30, 60, 90, 120]
}
